temperatura,hora,mov_calor,tamanho_obj,veg_proxima,animal_detectado
25.0,1,31.1,51.6,0,1
21.2,23,96.1,22.7,0,0
25.9,12,69.7,36.5,1,1
31.1,5,38.1,34.1,0,0
20.6,4,54.4,46.4,1,1
20.6,0,88.9,45.0,1,1
31.5,20,63.8,42.3,1,1
26.6,21,75.7,77.0,0,1
19.2,20,66.1,35.6,1,1
25.3,5,68.6,33.9,0,1
19.2,5,50.8,22.6,0,1
19.2,22,50.2,16.9,1,0
23.5,15,55.3,21.7,1,1
10.5,3,64.7,29.2,1,1
11.7,10,44.3,59.7,0,0
18.6,23,52.4,40.6,1,1
15.9,22,43.8,42.9,0,0
23.9,8,52.3,38.6,1,1
16.6,22,25.0,45.5,1,1
13.5,2,102.1,61.0,0,0
30.8,18,35.3,10.1,0,0
20.6,7,42.8,58.3,0,0
22.4,4,33.6,2.3,0,0
13.5,3,62.3,40.4,0,1
18.7,23,46.1,72.9,0,1
22.7,5,30.7,50.2,1,1
15.1,1,63.1,45.6,1,1
24.3,19,65.8,70.0,0,0
18.4,10,48.7,29.5,1,0
20.2,3,36.7,46.5,0,0
18.4,14,93.8,48.7,1,0
33.1,5,56.8,32.2,1,1
21.9,21,24.5,33.5,0,1
15.7,16,78.3,31.8,0,0
26.9,23,32.9,41.3,0,0
14.7,5,104.8,48.2,1,1
23.3,18,51.6,41.8,0,0
10.2,1,70.3,50.6,1,1
14.0,14,8.4,10.5,0,0
23.2,10,24.3,36.7,1,0
26.4,7,76.7,24.6,1,0
23.0,18,56.4,44.5,0,1
21.3,12,90.8,44.3,1,0
20.2,11,59.7,38.3,1,0
13.1,4,52.9,47.7,0,0
17.7,5,84.3,55.0,1,1
19.2,21,70.2,39.1,0,0
28.3,3,46.1,24.2,0,0
24.1,18,28.1,16.3,0,0
11.4,19,2.6,40.5,0,0
23.9,0,41.2,43.6,1,0
19.7,19,26.3,25.5,1,0
17.9,16,102.0,50.9,1,0
25.7,11,37.0,33.1,0,0
28.2,14,36.4,15.2,1,0
27.6,0,19.6,58.8,1,1
17.0,13,44.7,57.2,0,0
20.1,5,36.7,9.8,0,0
24.0,4,84.8,31.6,1,1
27.9,10,53.4,31.0,0,1
19.1,3,49.8,64.6,0,1
20.9,12,47.3,38.5,0,0
15.4,10,65.7,17.6,0,0
14.8,2,41.0,53.2,1,0
26.9,0,63.3,21.5,0,0
30.1,5,82.3,36.1,0,0
21.6,17,59.2,28.5,0,0
28.0,23,45.0,31.6,0,1
24.2,9,30.9,54.1,0,0
18.1,4,44.5,62.8,0,0
24.2,22,61.3,20.9,0,0
31.2,9,19.3,49.4,0,0
21.8,11,66.6,29.0,1,0
31.4,1,54.2,29.5,0,0
6.3,12,47.0,47.4,1,1
26.9,7,36.8,24.6,0,0
22.5,1,40.5,47.1,0,0
20.2,19,61.9,51.0,0,0
22.6,0,47.4,33.5,0,1
10.1,4,40.0,59.9,1,1
20.7,8,59.4,20.9,0,0
24.1,16,60.2,60.2,0,0
30.9,8,25.0,10.8,1,0
18.9,10,61.4,80.5,1,1
17.1,14,100.0,33.9,0,0
19.0,23,59.4,22.6,1,0
27.5,5,16.0,36.5,1,1
24.0,22,53.5,24.3,1,0
18.8,2,13.4,45.8,0,1
25.1,16,113.3,60.5,0,0
22.6,4,94.7,25.1,0,0
27.8,11,36.7,48.7,1,0
17.8,17,5.1,17.0,0,0
20.0,13,32.4,55.5,1,0
19.6,20,46.4,46.2,0,1
13.2,23,14.8,56.1,0,0
23.8,10,48.6,38.2,1,1
23.6,8,46.2,33.5,0,0
22.0,1,52.5,52.2,1,1
20.6,11,54.6,20.4,1,0
13.5,2,30.7,13.9,0,0
19.5,2,32.9,39.9,1,1
19.9,0,50.9,34.2,0,1
17.2,7,37.4,48.3,0,0
21.0,21,68.1,56.4,1,1
24.4,7,50.7,48.0,0,0
33.3,10,87.3,55.2,1,1
23.0,8,66.4,44.8,0,0
23.5,4,72.1,47.4,0,1
21.6,13,52.7,38.3,0,0
10.5,2,53.1,47.0,0,1
21.8,20,84.6,42.5,0,1
22.4,4,42.4,44.9,1,1
36.8,4,60.9,37.5,1,1
20.8,18,44.7,52.1,1,0
23.8,13,44.6,29.3,1,0
21.8,3,26.6,39.7,1,1
15.0,12,35.1,59.7,1,0
28.9,9,31.4,25.8,0,0
26.5,17,61.9,7.6,0,0
26.7,7,70.8,45.5,1,0
16.5,7,48.1,36.1,1,1
30.4,6,54.6,55.2,0,0
13.6,7,47.0,38.0,0,0
25.5,13,33.8,30.9,0,0
35.1,18,67.2,38.9,1,1
16.1,5,63.1,56.4,1,1
18.6,0,12.1,48.6,1,0
22.6,22,44.3,3.5,0,0
19.0,14,32.4,42.8,0,0
12.7,0,42.2,43.5,1,0
22.4,16,36.6,39.7,1,0
15.6,0,49.1,30.8,0,1
24.8,14,43.4,57.9,0,0
16.5,22,43.0,58.7,0,0
31.3,1,72.1,7.0,0,0
17.3,13,61.1,28.0,1,0
20.1,20,35.9,37.8,0,0
26.9,7,38.9,54.2,0,0
14.6,7,59.8,40.5,0,0
23.4,18,59.8,29.7,1,0
29.8,6,37.9,50.6,1,0
12.4,18,45.3,36.8,0,0
23.1,5,86.9,38.2,0,1
23.6,5,38.3,39.6,0,1
26.7,2,88.2,48.6,1,1
14.6,6,72.1,35.4,1,1
14.1,18,84.5,50.3,1,1
25.1,7,37.4,38.9,0,0
23.8,9,46.6,24.0,1,1
23.5,19,41.0,39.4,0,0
24.1,14,72.5,24.8,0,0
17.9,14,38.6,40.6,0,0
23.4,0,64.6,52.4,1,1
23.8,19,63.6,23.9,0,0
17.7,6,49.0,45.5,1,1
33.2,3,76.0,27.6,1,1
24.8,5,52.2,43.0,0,1
14.9,0,66.7,52.9,0,1
25.9,4,40.1,8.1,1,0
16.2,22,35.5,23.3,0,0
26.7,0,64.6,34.5,1,1
29.0,3,58.6,44.7,0,1
17.1,21,54.9,37.5,1,1
27.8,1,43.1,39.3,1,1
24.5,9,81.0,70.6,1,1
26.9,4,27.7,21.8,1,1
33.4,9,26.6,57.0,0,0
20.5,0,68.8,34.8,0,1
17.5,21,67.2,48.2,1,1
16.7,5,57.1,71.9,1,1
17.1,12,44.2,50.3,0,0
21.5,14,60.0,45.6,0,0
24.0,3,84.4,64.0,0,1
23.7,12,100.3,56.9,0,0
27.0,23,16.9,28.0,0,0
22.1,19,41.6,44.4,0,0
30.7,23,40.4,14.2,1,0
20.4,14,82.5,31.9,0,1
38.3,7,0.4,44.7,0,0
25.8,4,60.3,31.0,1,1
16.9,14,44.9,44.1,0,0
15.6,3,82.8,39.8,0,1
24.9,11,80.0,48.0,0,1
20.7,12,57.3,33.6,0,0
26.3,1,18.4,25.9,0,0
24.8,18,38.5,62.2,1,0
21.6,18,40.7,32.6,0,0
16.9,3,23.5,49.9,1,0
12.9,3,73.1,61.5,1,1
19.3,10,20.9,42.4,0,0
27.1,4,89.3,27.2,1,1
23.3,19,89.3,37.3,0,0
14.5,10,42.3,55.3,1,1
23.0,9,56.6,43.1,1,0
24.3,7,48.6,21.9,0,0
16.7,5,68.0,48.9,0,1
22.9,5,75.5,51.5,0,1
22.3,7,55.2,34.7,0,0
15.1,22,59.4,49.2,0,1
24.1,14,37.6,43.7,1,0
25.4,13,58.7,37.0,1,1
28.5,10,53.3,20.6,1,0
28.3,11,31.8,56.2,1,0
13.7,12,49.7,51.4,1,1
16.4,7,42.3,48.8,1,0
25.1,17,37.8,63.2,1,0
25.1,0,27.1,54.2,0,0
25.1,14,51.3,50.3,0,0
45.1,7,34.4,6.8,1,0
25.4,10,40.6,58.0,1,0
28.8,11,71.5,41.2,0,0
27.7,11,62.6,44.7,0,0
25.9,3,30.4,44.8,0,0
20.1,15,57.0,51.6,0,0
26.6,3,52.7,56.8,1,1
17.4,4,84.0,49.5,0,1
20.6,23,77.7,47.1,1,1
19.1,4,19.3,43.5,1,1
22.5,7,67.2,-10.3,1,0
35.9,9,75.3,35.7,0,0
10.8,16,61.2,25.9,0,0
26.1,8,43.3,58.2,1,0
12.3,21,98.3,49.3,1,1
19.2,18,63.0,33.1,1,1
28.5,13,89.5,34.6,0,0
22.4,7,77.0,34.1,1,1
15.5,8,59.3,33.8,0,0
17.7,21,38.4,18.3,1,0
26.1,10,49.5,15.1,1,1
17.6,22,45.6,40.4,1,1
23.3,0,25.7,56.1,0,0
22.3,13,63.0,31.9,0,0
18.1,4,81.3,44.6,1,1
34.9,20,44.0,51.0,0,0
25.8,13,93.3,25.1,1,0
9.8,3,18.8,39.7,0,0
23.1,21,71.1,30.0,0,0
18.0,22,83.4,64.1,0,1
27.1,0,45.9,63.4,1,1
17.2,21,46.3,25.1,0,1
21.3,22,70.9,45.8,0,1
25.0,18,60.1,56.0,1,0
27.2,7,10.1,52.7,1,0
14.8,14,33.1,41.2,1,0
20.0,20,49.7,59.6,1,1
19.2,14,22.6,26.4,0,0
18.1,8,40.5,35.5,0,0
32.6,20,23.1,26.8,0,0
24.4,8,42.6,51.7,0,0
14.4,9,43.3,31.3,0,0
27.5,19,57.0,37.4,1,1
34.7,20,48.2,49.3,0,1
28.2,8,60.1,50.5,0,0
12.9,2,57.7,26.4,0,0
19.1,19,70.6,55.8,1,1
29.6,10,67.5,46.8,1,1
17.8,5,65.4,23.8,0,0
24.7,1,112.1,20.1,1,1
26.6,6,56.9,39.8,1,0
16.4,17,101.9,52.8,1,1
21.6,1,58.2,53.1,1,1
2.6,16,48.3,45.3,1,0
15.9,10,42.5,40.7,1,0
20.5,11,80.2,47.7,1,0
14.5,18,82.8,27.2,0,0
31.8,21,62.0,65.3,0,1
13.4,23,72.7,65.1,1,1
19.4,6,24.5,46.4,0,0
22.8,19,19.0,43.0,0,0
30.6,5,74.9,33.8,1,1
13.4,20,47.5,47.9,0,1
29.0,23,65.0,29.6,1,0
22.1,0,35.7,6.6,1,0
16.1,16,83.1,-0.7,1,0
24.8,10,19.2,28.0,0,0
23.2,21,22.3,42.3,0,1
18.4,17,78.9,45.0,0,0
22.4,20,-2.2,32.7,0,0
19.7,16,57.6,42.1,1,1
22.7,6,47.9,35.9,1,0
26.0,16,35.3,25.0,0,0
31.5,19,46.0,39.2,1,1
14.6,8,33.0,52.2,1,1
34.8,16,80.8,25.7,0,0
10.3,19,86.1,25.7,1,0
21.1,21,36.3,24.0,0,0
25.5,21,55.5,11.0,1,0
23.7,7,23.5,32.8,0,0
18.3,16,71.5,50.7,1,0
20.8,6,70.9,42.6,1,0
19.0,0,44.1,37.5,0,0
18.5,12,50.3,41.9,0,0
27.1,22,48.1,32.7,0,0
24.1,18,17.6,10.8,0,0
17.8,23,80.9,51.8,1,1
27.4,18,34.7,56.1,1,0
23.8,16,34.8,29.1,0,0
26.9,12,47.0,37.7,1,1
25.8,15,69.9,36.4,0,0
17.0,7,38.2,45.3,0,0
18.6,18,11.0,65.3,1,0
26.5,17,32.3,57.4,1,0
25.7,0,58.5,34.3,0,1
21.9,13,93.8,48.1,0,0
22.7,18,24.8,58.8,0,0
29.7,14,24.1,46.1,1,0
18.5,17,19.7,39.9,1,1
25.3,1,17.3,46.7,1,1
20.8,21,74.1,29.5,1,0
20.7,16,79.9,31.6,0,1
28.6,17,53.6,24.0,0,0
27.0,5,40.6,44.6,0,0
26.9,18,85.8,38.0,0,0
29.8,3,53.5,27.7,0,0
22.1,0,71.8,37.5,0,1
26.1,7,39.7,47.0,1,0
20.1,22,50.9,68.7,1,1
23.9,6,25.3,55.2,0,0
21.2,2,62.6,5.7,0,0
22.6,9,53.8,43.6,1,1
25.6,9,32.1,61.4,1,0
17.1,18,32.4,19.9,1,0
34.6,13,82.3,48.3,1,1
16.0,1,89.4,36.5,0,1
14.7,0,45.7,57.3,0,1
28.9,22,51.4,46.1,0,1
26.7,22,58.0,26.7,0,0
25.7,17,53.0,37.0,0,0
25.8,6,16.5,37.9,1,0
21.9,7,58.6,38.2,0,0
16.6,0,8.2,56.8,1,0
22.5,22,35.3,27.4,0,0
17.9,2,60.1,55.0,0,1
27.9,23,62.0,35.5,0,1
21.1,22,33.8,43.4,0,0
17.0,7,40.8,41.1,0,0
20.1,21,38.1,39.7,1,1
24.5,14,47.9,39.8,1,0
18.6,4,49.5,61.9,1,1
17.1,2,63.4,52.6,0,1
23.5,18,39.7,34.6,0,0
23.5,0,57.5,63.7,1,1
19.0,14,60.1,44.1,0,0
19.2,7,54.0,45.4,0,0
23.4,1,44.8,27.4,1,0
13.3,2,53.6,32.5,0,1
13.6,23,65.0,29.7,1,1
17.7,13,66.8,41.3,0,0
20.7,23,86.3,49.6,1,1
23.9,13,30.2,45.5,0,0
30.9,10,41.2,63.8,0,0
27.1,15,17.7,26.7,1,0
21.0,3,68.6,41.7,0,1
21.9,19,43.3,20.8,0,0
16.0,4,54.1,26.2,1,0
21.9,21,37.9,59.0,0,0
20.3,20,43.5,33.1,1,1
23.9,13,74.5,27.9,0,0
17.0,22,63.9,8.1,0,0
25.1,15,47.8,27.8,0,0
31.2,17,65.4,36.9,0,1
21.3,6,65.8,19.6,1,0
24.4,9,42.2,36.1,0,0
26.1,6,20.6,59.1,1,0
19.6,0,32.0,29.4,0,0
23.3,22,23.2,25.8,0,0
22.1,20,73.3,23.1,0,0
22.6,18,76.8,22.9,0,0
17.4,15,81.7,48.0,1,1
22.1,18,9.6,40.7,1,0
25.0,3,71.4,54.4,1,1
30.7,17,94.2,70.3,1,0
27.8,1,72.2,12.5,0,0
34.9,0,7.0,45.7,1,1
17.4,14,85.4,23.2,1,0
27.2,4,50.8,51.8,0,1
23.1,19,45.4,35.9,0,0
35.1,10,59.0,40.4,0,0
17.2,9,29.0,20.8,0,0
17.0,1,50.1,33.6,1,1
18.4,2,82.4,41.3,1,1
9.3,22,62.4,60.3,0,1
18.8,22,51.2,28.1,0,0
17.4,11,51.8,31.7,0,0
22.9,19,26.4,54.2,1,0
24.1,4,47.0,27.1,1,1
33.3,4,17.3,57.1,0,0
27.7,5,70.4,39.9,0,1
18.5,8,6.3,44.5,1,0
16.6,1,67.1,45.5,0,1
25.0,20,69.6,30.8,0,1
14.1,11,76.4,45.8,1,1
33.0,2,51.7,28.4,0,0
29.1,19,68.3,32.5,1,1
19.2,21,46.8,48.4,0,1
11.7,11,26.3,44.4,0,0
30.1,23,80.6,38.9,1,1
21.3,16,48.1,21.1,1,0
29.4,9,21.8,24.9,0,0
12.4,23,40.7,44.2,1,1
18.4,13,41.5,51.0,0,0
22.0,22,59.2,23.4,0,0
22.3,16,96.9,27.4,1,0
19.3,17,60.4,42.0,0,0
25.7,18,54.1,41.7,0,0
15.6,16,99.1,15.6,1,1
21.1,13,69.6,42.4,1,1
22.7,8,55.1,31.0,0,0
25.1,7,40.4,64.6,1,1
26.3,1,56.3,43.7,1,1
15.3,12,48.7,46.3,1,1
12.8,6,51.8,46.7,1,0
29.7,8,76.3,21.8,0,0
24.0,21,39.2,69.2,0,1
17.5,21,60.3,15.7,0,0
31.3,10,69.0,51.9,1,0
22.7,13,36.8,49.3,1,0
29.1,3,33.5,32.8,1,1
22.4,12,47.0,50.0,1,1
34.4,1,40.8,35.2,1,0
32.5,22,73.0,29.9,1,1
20.5,4,30.0,47.0,1,0
27.8,10,51.4,24.9,0,0
25.9,5,100.9,36.6,0,1
30.2,17,58.3,31.1,1,1
16.2,20,61.6,35.0,1,1
26.1,9,73.2,46.5,1,1
28.4,3,40.7,31.1,0,0
11.4,8,28.4,37.1,0,0
14.9,5,53.5,32.5,1,1
9.8,1,55.3,61.7,1,1
20.4,16,17.6,45.1,0,0
26.3,4,57.5,43.3,0,1
31.0,5,71.4,50.3,0,1
22.4,11,31.7,31.1,0,0
31.8,22,58.7,52.9,1,1
13.7,20,67.8,45.2,0,1
11.8,9,61.7,16.6,0,0
21.7,21,63.6,18.6,1,1
24.3,20,45.1,31.4,0,1
21.8,5,27.4,20.2,0,0
9.6,7,41.1,36.4,0,0
21.5,1,38.3,24.8,1,0
14.2,11,48.4,38.5,0,0
26.0,12,71.9,61.2,1,1
24.2,20,23.8,39.3,1,0
16.4,6,52.9,35.5,0,1
18.9,9,28.7,45.8,0,0
15.6,12,35.2,29.6,0,0
21.6,16,61.2,52.7,0,0
27.7,20,26.2,47.4,1,1
16.1,13,64.7,40.6,0,0
25.0,1,23.0,42.3,0,0
18.8,21,63.3,70.6,0,1
17.2,10,19.0,54.1,1,0
21.4,0,37.6,73.0,0,0
15.8,18,87.9,48.0,0,0
18.7,20,84.2,17.9,1,0
14.8,3,41.7,36.1,1,0
33.8,18,57.8,14.5,0,0
22.2,20,74.1,47.9,0,0
17.8,10,63.6,51.2,0,0
23.3,7,44.5,26.7,0,0
21.3,10,35.0,30.2,0,0
20.7,3,67.4,42.2,1,1
25.7,16,72.6,22.0,1,0
26.5,6,84.3,20.9,0,0
18.8,7,16.3,58.6,0,0
18.5,2,24.9,41.7,1,0
20.3,21,73.2,31.6,0,1
8.2,1,19.0,14.6,0,0
12.9,22,74.8,52.8,0,1
30.2,14,45.7,29.7,0,0
31.9,23,39.6,67.9,0,0
20.5,21,54.1,52.9,1,1
25.5,21,23.1,27.9,0,0
23.9,4,66.5,29.3,0,1
40.5,23,83.8,65.8,0,1
28.7,0,67.4,38.7,1,1
21.2,3,45.1,32.3,1,1
16.3,14,19.2,40.4,1,0
12.4,19,20.0,32.2,1,0
23.2,18,23.4,43.6,0,0
17.5,2,49.8,38.9,1,1
13.5,19,52.3,53.1,0,0
18.1,10,67.4,34.2,0,0
15.5,16,14.1,26.7,1,0
32.1,12,76.2,34.8,1,1
27.3,10,63.9,34.7,1,1
22.0,1,43.5,38.8,1,0
30.9,8,26.2,49.5,1,0
22.5,1,75.0,48.7,0,0
16.8,20,44.0,58.0,1,1
31.1,8,49.6,27.8,1,0
25.2,8,57.7,45.8,1,0
15.8,7,31.7,50.9,0,0
20.9,16,44.4,29.9,1,0
16.7,0,67.3,36.9,0,1
13.7,10,65.3,13.8,1,0
